{
  "logistic_regression": {
    "metrics": {
      "accuracy": 0.95,
      "precision": 0.7164948453608248,
      "recall": 0.9652777777777778,
      "f1": 0.8224852071005917,
      "roc_auc": 0.9896227904040404
    },
    "cv_mean_f1": 0.8292450961429477,
    "cv_std_f1": 0.020427523123573616
  },
  "random_forest": {
    "metrics": {
      "accuracy": 0.9691666666666666,
      "precision": 0.9083969465648855,
      "recall": 0.8263888888888888,
      "f1": 0.8654545454545455,
      "roc_auc": 0.9941077441077442
    },
    "cv_mean_f1": 0.8920467695322998,
    "cv_std_f1": 0.021784297445185206
  }
}