{
  "metrics": {
    "accuracy": 0.9741666666666666,
    "precision": 0.9124087591240876,
    "recall": 0.8680555555555556,
    "f1": 0.8896797153024911,
    "roc_auc": 0.9950021043771043
  },
  "best_epoch": 80
}