{
  "metrics": {
    "accuracy": 0.9741666666666666,
    "precision": 0.8598726114649682,
    "recall": 0.9375,
    "f1": 0.8970099667774086,
    "roc_auc": 0.9953243371212122
  },
  "best_epoch": 88
}