{
  "baseline": 0.4243031144142151,
  "graphsage": 0.4434686601161957,
  "tgn": 0.13222821056842804
}