{
  "baseline": 0.4239634871482849,
  "graphsage": 0.4834308326244354,
  "tgn": 0.09260565042495728
}