{
  "cases_attempted": 50,
  "cases_successful": 50,
  "errors": [],
  "unique_ensemble_count": 44,
  "unique_ensemble_values": [
    0.0073,
    0.0084,
    0.0095,
    0.0111,
    0.0112,
    0.0126,
    0.014,
    0.0141,
    0.0164,
    0.0229,
    0.0281,
    0.0462,
    0.0646,
    0.4561,
    0.4576,
    0.4578,
    0.4589,
    0.4761,
    0.4782,
    0.4918,
    0.5021,
    0.5028,
    0.504,
    0.5056,
    0.5057,
    0.5078,
    0.5146,
    0.5155,
    0.5179,
    0.5314,
    0.5364,
    0.5389,
    0.5406,
    0.5508,
    0.5757,
    0.6173,
    0.6192,
    0.6208,
    0.6273,
    0.6275,
    0.6278,
    0.6319,
    0.6329,
    0.6359
  ],
  "ensemble_std": 0.238904,
  "risk_class_counts": {
    "medium": 36,
    "minimal": 14
  },
  "per_category": {
    "amount": {
      "count": 12,
      "unique": 12,
      "std": 0.270972,
      "mean": 0.405867
    },
    "boundary": {
      "count": 10,
      "unique": 6,
      "std": 0.006654,
      "mean": 0.51027
    },
    "hour": {
      "count": 8,
      "unique": 8,
      "std": 0.163087,
      "mean": 0.433988
    },
    "known_pair": {
      "count": 8,
      "unique": 8,
      "std": 0.262444,
      "mean": 0.224188
    },
    "type": {
      "count": 5,
      "unique": 4,
      "std": 0.033275,
      "mean": 0.6029
    },
    "unknown": {
      "count": 7,
      "unique": 7,
      "std": 0.227674,
      "mean": 0.208271
    }
  },
  "csv_path": "artifacts\\reports\\after_fix_probe_results.csv"
}