model,accuracy,precision,recall,f1,roc_auc,cv_mean_f1
logistic_regression,0.95,0.7164948453608248,0.9652777777777778,0.8224852071005917,0.9896227904040404,0.8292450961429477
random_forest,0.9691666666666666,0.9083969465648855,0.8263888888888888,0.8654545454545455,0.9941077441077442,0.8920467695322998
temporal_graphsage,0.9741666666666666,0.9124087591240876,0.8680555555555556,0.8896797153024911,0.9950021043771043,
tgn,0.9541666666666667,0.7908496732026143,0.8402777777777778,0.8148148148148148,0.9753524831649832,
ensemble,0.9783333333333334,0.8933333333333333,0.9305555555555556,0.9115646258503401,0.9945154671717171,
