{
  "baseline": {
    "logistic_regression": {
      "metrics": {
        "accuracy": 0.95,
        "precision": 0.7164948453608248,
        "recall": 0.9652777777777778,
        "f1": 0.8224852071005917,
        "roc_auc": 0.9896227904040404
      },
      "cv_mean_f1": 0.8292450961429477,
      "cv_std_f1": 0.020427523123573616
    },
    "random_forest": {
      "metrics": {
        "accuracy": 0.9691666666666666,
        "precision": 0.9083969465648855,
        "recall": 0.8263888888888888,
        "f1": 0.8654545454545455,
        "roc_auc": 0.9941077441077442
      },
      "cv_mean_f1": 0.8920467695322998,
      "cv_std_f1": 0.021784297445185206
    }
  },
  "gnn": {
    "accuracy": 0.9741666666666666,
    "precision": 0.8598726114649682,
    "recall": 0.9375,
    "f1": 0.8970099667774086,
    "roc_auc": 0.9953243371212122
  },
  "tgn": {
    "accuracy": 0.9491666666666667,
    "precision": 0.7712418300653595,
    "recall": 0.8194444444444444,
    "f1": 0.7946127946127947,
    "roc_auc": 0.976858428030303
  },
  "ensemble": {
    "accuracy": 0.9833333333333333,
    "precision": 0.8875,
    "recall": 0.9861111111111112,
    "f1": 0.9342105263157895,
    "roc_auc": 0.9980139941077442
  },
  "ensemble_weights": {
    "baseline": 0.4243031144142151,
    "graphsage": 0.4434686601161957,
    "tgn": 0.13222821056842804
  }
}